#node1	node2	node1_string_id	node2_string_id	neighborhood_on_chromosome	gene_fusion	phylogenetic_cooccurrence	homology	coexpression	experimentally_determined_interaction	database_annotated	automated_textmining	combined_score
ALDOA	HSPA5	9606.ENSP00000378669	9606.ENSP00000324173	0	0	0	0	0.091	0.103	0	0.424	0.490
ALDOA	NME2	9606.ENSP00000378669	9606.ENSP00000376889	0	0	0	0	0.157	0.343	0	0.315	0.588
APOBEC3A	BST2	9606.ENSP00000384359	9606.ENSP00000252593	0	0	0	0	0.062	0	0	0.550	0.559
APOBEC3A	MX2	9606.ENSP00000384359	9606.ENSP00000333657	0	0	0	0	0.100	0	0	0.386	0.424
ATP6V0C	MT-ATP8	9606.ENSP00000329757	9606.ENSP00000355265	0	0	0	0	0.062	0.249	0.360	0	0.509
BST2	OAS3	9606.ENSP00000252593	9606.ENSP00000228928	0	0	0	0	0.234	0	0.900	0.433	0.952
BST2	SAMD9	9606.ENSP00000252593	9606.ENSP00000369292	0	0	0	0	0.104	0	0	0.363	0.405
BST2	GBP1	9606.ENSP00000252593	9606.ENSP00000359504	0	0	0	0	0.132	0	0	0.391	0.449
BST2	CXCL10	9606.ENSP00000252593	9606.ENSP00000305651	0	0	0	0	0.177	0	0	0.392	0.478
BST2	UBE2L6	9606.ENSP00000252593	9606.ENSP00000287156	0	0	0	0	0.329	0	0	0.310	0.517
BST2	HERC5	9606.ENSP00000252593	9606.ENSP00000264350	0	0	0	0	0.190	0	0	0.438	0.525
BST2	IFI44L	9606.ENSP00000252593	9606.ENSP00000359787	0	0	0	0	0.273	0	0	0.457	0.588
BST2	IFIH1	9606.ENSP00000252593	9606.ENSP00000263642	0	0	0	0	0.279	0	0	0.503	0.626
BST2	DDX58	9606.ENSP00000252593	9606.ENSP00000369213	0	0	0	0	0.195	0	0	0.560	0.630
BST2	XAF1	9606.ENSP00000252593	9606.ENSP00000354822	0	0	0	0	0.230	0	0.900	0.276	0.939
BST2	IFITM2	9606.ENSP00000252593	9606.ENSP00000484689	0	0	0	0	0.120	0	0.900	0.451	0.947
BST2	ISG20	9606.ENSP00000252593	9606.ENSP00000306565	0	0	0	0	0.122	0	0.900	0.470	0.949
BST2	IFIT2	9606.ENSP00000252593	9606.ENSP00000360891	0	0	0	0	0.151	0	0.900	0.457	0.949
BST2	OASL	9606.ENSP00000252593	9606.ENSP00000257570	0	0	0	0	0.271	0	0.900	0.392	0.951
BST2	IFI27	9606.ENSP00000252593	9606.ENSP00000483430	0	0	0	0	0.220	0	0.900	0.423	0.951
BST2	STAT1	9606.ENSP00000252593	9606.ENSP00000354394	0	0	0	0	0.258	0	0.900	0.505	0.960
BST2	IFITM3	9606.ENSP00000252593	9606.ENSP00000382707	0	0	0	0	0.123	0	0.900	0.601	0.961
BST2	IFIT3	9606.ENSP00000252593	9606.ENSP00000360883	0	0	0	0	0.317	0	0.900	0.507	0.963
BST2	IFIT1	9606.ENSP00000252593	9606.ENSP00000360869	0	0	0	0	0.227	0	0.900	0.560	0.963
BST2	OAS2	9606.ENSP00000252593	9606.ENSP00000342278	0	0	0	0	0.336	0	0.900	0.528	0.966
BST2	IFITM1	9606.ENSP00000252593	9606.ENSP00000386187	0	0	0	0	0.340	0	0.900	0.529	0.966
BST2	IFI35	9606.ENSP00000252593	9606.ENSP00000395590	0	0	0	0	0.587	0	0.900	0.325	0.969
BST2	IRF7	9606.ENSP00000252593	9606.ENSP00000380697	0	0	0	0	0.392	0	0.900	0.563	0.971
BST2	OAS1	9606.ENSP00000252593	9606.ENSP00000388001	0	0	0	0	0.424	0	0.900	0.561	0.972
BST2	MX2	9606.ENSP00000252593	9606.ENSP00000333657	0	0	0	0	0.269	0	0.900	0.704	0.976
BST2	RSAD2	9606.ENSP00000252593	9606.ENSP00000371471	0	0	0	0	0.317	0	0.900	0.681	0.976
BST2	MX1	9606.ENSP00000252593	9606.ENSP00000381601	0	0	0	0	0.422	0	0.900	0.642	0.977
BST2	ISG15	9606.ENSP00000252593	9606.ENSP00000368699	0	0	0	0	0.613	0	0.900	0.653	0.985
C3AR1	IL1RN	9606.ENSP00000302079	9606.ENSP00000259206	0	0	0	0	0.222	0	0	0.279	0.415
C3AR1	SIGLEC1	9606.ENSP00000302079	9606.ENSP00000341141	0	0	0	0	0.343	0	0	0.146	0.415
C3AR1	MS4A6A	9606.ENSP00000302079	9606.ENSP00000392770	0	0	0	0	0.329	0	0	0.187	0.431
C3AR1	CCL3	9606.ENSP00000302079	9606.ENSP00000477908	0	0	0	0	0.298	0	0	0.304	0.491
C3AR1	HAVCR2	9606.ENSP00000302079	9606.ENSP00000312002	0	0	0	0	0.205	0	0	0.410	0.511
CALR	PPIB	9606.ENSP00000320866	9606.ENSP00000300026	0	0	0	0	0.643	0.143	0	0.851	0.950
CALR	FN1	9606.ENSP00000320866	9606.ENSP00000346839	0	0	0	0	0.070	0	0	0.403	0.421
CALR	LGMN	9606.ENSP00000320866	9606.ENSP00000376911	0	0	0	0	0	0	0	0.603	0.603
CALR	HSPA5	9606.ENSP00000320866	9606.ENSP00000324173	0	0	0	0	0.880	0.789	0.650	0.894	0.998
CCL18	IL1RN	9606.ENSP00000479955	9606.ENSP00000259206	0	0	0	0	0.160	0	0	0.364	0.443
CCL18	CXCL10	9606.ENSP00000479955	9606.ENSP00000305651	0	0	0	0	0.223	0	0	0.624	0.696
CCL18	CXCL11	9606.ENSP00000479955	9606.ENSP00000306884	0	0	0	0	0.129	0	0	0.566	0.606
CCL18	SIGLEC1	9606.ENSP00000479955	9606.ENSP00000341141	0	0	0	0	0.334	0	0	0.184	0.433
CCL18	CCL8	9606.ENSP00000479955	9606.ENSP00000378118	0	0	0	0.806	0.334	0	0	0.632	0.413
CCL3	TNFSF10	9606.ENSP00000477908	9606.ENSP00000241261	0	0	0	0	0.089	0	0	0.405	0.434
CCL3	IL1RN	9606.ENSP00000477908	9606.ENSP00000259206	0	0	0	0	0.234	0	0	0.581	0.665
CCL3	IFIH1	9606.ENSP00000477908	9606.ENSP00000263642	0	0	0	0	0.108	0	0	0.397	0.439
CCL3	CXCL10	9606.ENSP00000477908	9606.ENSP00000305651	0	0	0	0	0.237	0	0.900	0.906	0.992
CCL3	CXCL11	9606.ENSP00000477908	9606.ENSP00000306884	0	0	0	0	0.096	0	0	0.740	0.755
CCL3	HAVCR2	9606.ENSP00000477908	9606.ENSP00000312002	0	0	0	0	0.220	0	0	0.378	0.494
CCL3	SOCS1	9606.ENSP00000477908	9606.ENSP00000329418	0	0	0	0	0.093	0	0	0.380	0.413
CCL3	FN1	9606.ENSP00000477908	9606.ENSP00000346839	0	0	0	0	0	0	0	0.501	0.501
CCL3	STAT1	9606.ENSP00000477908	9606.ENSP00000354394	0	0	0	0	0.062	0	0	0.539	0.549
CCL3	TNFSF13B	9606.ENSP00000477908	9606.ENSP00000365048	0	0	0	0	0.084	0	0	0.459	0.483
CCL3	DDX58	9606.ENSP00000477908	9606.ENSP00000369213	0	0	0	0	0.060	0	0	0.459	0.469
CCL3	IRF7	9606.ENSP00000477908	9606.ENSP00000380697	0	0	0	0	0.107	0	0	0.468	0.505
CCL3	MX1	9606.ENSP00000477908	9606.ENSP00000381601	0	0	0	0	0.107	0	0	0.392	0.434
CCL3	CCL4L1	9606.ENSP00000477908	9606.ENSP00000483609	0	0	0	0.952	0.477	0	0	0.940	0.500
CCL4L1	IL1RN	9606.ENSP00000483609	9606.ENSP00000259206	0	0	0	0	0.063	0	0	0.473	0.485
CCL4L1	CXCL10	9606.ENSP00000483609	9606.ENSP00000305651	0	0	0	0	0.167	0	0	0.872	0.889
CCL4L1	CXCL11	9606.ENSP00000483609	9606.ENSP00000306884	0	0	0	0	0.062	0	0	0.552	0.561
CCL4L1	STAT1	9606.ENSP00000483609	9606.ENSP00000354394	0	0	0	0	0.062	0	0	0.396	0.409
CCL8	IL1RN	9606.ENSP00000378118	9606.ENSP00000259206	0	0	0	0	0.199	0	0	0.324	0.436
CCL8	CXCL10	9606.ENSP00000378118	9606.ENSP00000305651	0	0	0	0	0.573	0.270	0	0.753	0.916
CCL8	CXCL11	9606.ENSP00000378118	9606.ENSP00000306884	0	0	0	0	0.288	0.292	0	0.680	0.824
CCL8	SIGLEC1	9606.ENSP00000378118	9606.ENSP00000341141	0	0	0	0	0.334	0	0	0.286	0.504
CCL8	FPR3	9606.ENSP00000378118	9606.ENSP00000341821	0	0	0	0	0.323	0	0	0.157	0.405
CCL8	STAT1	9606.ENSP00000378118	9606.ENSP00000354394	0	0	0	0	0.121	0	0	0.392	0.443
CCL8	ISG15	9606.ENSP00000378118	9606.ENSP00000368699	0	0	0	0	0.122	0	0	0.390	0.441
CCL8	MX1	9606.ENSP00000378118	9606.ENSP00000381601	0	0	0	0	0.181	0	0	0.390	0.479
CDKN1A	FN1	9606.ENSP00000384849	9606.ENSP00000346839	0	0	0	0	0.060	0	0	0.459	0.469
CDKN1A	STAT1	9606.ENSP00000384849	9606.ENSP00000354394	0	0	0	0	0.058	0	0.900	0.526	0.951
CDKN1A	KLF6	9606.ENSP00000384849	9606.ENSP00000419923	0	0	0	0	0.085	0.058	0	0.370	0.409
CMPK2	OAS3	9606.ENSP00000256722	9606.ENSP00000228928	0	0	0	0	0.272	0	0	0.325	0.488
CMPK2	SAMD9	9606.ENSP00000256722	9606.ENSP00000369292	0	0	0	0	0.308	0	0	0.200	0.423
CMPK2	OAS1	9606.ENSP00000256722	9606.ENSP00000388001	0	0	0	0	0.242	0	0	0.305	0.451
CMPK2	GBP1	9606.ENSP00000256722	9606.ENSP00000359504	0	0	0	0	0.205	0	0	0.354	0.464
CMPK2	IFI27	9606.ENSP00000256722	9606.ENSP00000483430	0	0	0	0	0.198	0	0	0.401	0.499
CMPK2	XAF1	9606.ENSP00000256722	9606.ENSP00000354822	0	0	0	0	0.159	0	0	0.429	0.499
CMPK2	CXCL10	9606.ENSP00000256722	9606.ENSP00000305651	0	0	0	0	0.327	0	0	0.297	0.507
CMPK2	SAMD9L	9606.ENSP00000256722	9606.ENSP00000326247	0	0	0	0	0.341	0	0	0.299	0.518
CMPK2	OAS2	9606.ENSP00000256722	9606.ENSP00000342278	0	0	0	0	0.241	0	0	0.393	0.520
CMPK2	PARP14	9606.ENSP00000256722	9606.ENSP00000418194	0	0	0	0	0.376	0	0	0.267	0.523
CMPK2	STAT1	9606.ENSP00000256722	9606.ENSP00000354394	0	0	0	0	0.430	0	0	0.258	0.560
CMPK2	DDX58	9606.ENSP00000256722	9606.ENSP00000369213	0	0	0	0	0.335	0	0	0.379	0.570
CMPK2	HERC5	9606.ENSP00000256722	9606.ENSP00000264350	0	0	0	0	0.310	0	0	0.451	0.605
CMPK2	IFIH1	9606.ENSP00000256722	9606.ENSP00000263642	0	0	0	0	0.387	0	0	0.391	0.611
CMPK2	IFI44L	9606.ENSP00000256722	9606.ENSP00000359787	0	0	0	0	0.373	0	0	0.467	0.652
CMPK2	ISG15	9606.ENSP00000256722	9606.ENSP00000368699	0	0	0	0	0.379	0	0	0.466	0.654
CMPK2	IRF7	9606.ENSP00000256722	9606.ENSP00000380697	0	0	0	0	0.549	0	0	0.281	0.662
CMPK2	EPSTI1	9606.ENSP00000256722	9606.ENSP00000318982	0	0	0	0	0.356	0	0	0.556	0.702
CMPK2	IFIT2	9606.ENSP00000256722	9606.ENSP00000360891	0.048	0	0	0	0.514	0	0	0.428	0.712
CMPK2	OASL	9606.ENSP00000256722	9606.ENSP00000257570	0	0	0	0	0.708	0	0	0.358	0.804
CMPK2	MX2	9606.ENSP00000256722	9606.ENSP00000333657	0	0	0	0	0.680	0	0	0.425	0.808
CMPK2	IFIT1	9606.ENSP00000256722	9606.ENSP00000360869	0.048	0	0	0	0.630	0	0	0.507	0.811
CMPK2	IFIT3	9606.ENSP00000256722	9606.ENSP00000360883	0.048	0	0	0	0.724	0	0	0.424	0.835
CMPK2	MX1	9606.ENSP00000256722	9606.ENSP00000381601	0	0	0	0	0.749	0	0	0.500	0.869
CMPK2	NT5C3A	9606.ENSP00000256722	9606.ENSP00000484415	0	0	0	0	0.063	0	0.900	0.379	0.936
CMPK2	NME2	9606.ENSP00000256722	9606.ENSP00000376889	0	0	0	0	0.062	0	0.900	0.550	0.954
CMPK2	RSAD2	9606.ENSP00000256722	9606.ENSP00000371471	0	0	0	0	0.908	0	0	0.728	0.974
COMT	MT2A	9606.ENSP00000354511	9606.ENSP00000245185	0	0	0	0	0.160	0	0	0.336	0.418
CXCL10	OAS3	9606.ENSP00000305651	9606.ENSP00000228928	0	0	0	0	0.330	0	0	0.471	0.631
CXCL10	TNFSF10	9606.ENSP00000305651	9606.ENSP00000241261	0	0	0	0	0.218	0	0	0.508	0.599
CXCL10	OASL	9606.ENSP00000305651	9606.ENSP00000257570	0	0	0	0	0.639	0	0	0.522	0.820
CXCL10	IL1RN	9606.ENSP00000305651	9606.ENSP00000259206	0	0	0	0	0.231	0	0	0.582	0.665
CXCL10	IFIH1	9606.ENSP00000305651	9606.ENSP00000263642	0	0	0	0	0.393	0	0	0.706	0.814
CXCL10	HERC5	9606.ENSP00000305651	9606.ENSP00000264350	0	0	0	0	0.273	0	0	0.329	0.491
CXCL10	IFITM3	9606.ENSP00000305651	9606.ENSP00000382707	0	0	0	0	0.065	0	0	0.423	0.437
CXCL10	SAMD9L	9606.ENSP00000305651	9606.ENSP00000326247	0	0	0	0	0.401	0	0	0.113	0.447
CXCL10	EPSTI1	9606.ENSP00000305651	9606.ENSP00000318982	0	0	0	0	0.366	0	0	0.180	0.458
CXCL10	XAF1	9606.ENSP00000305651	9606.ENSP00000354822	0	0	0	0	0.314	0	0	0.246	0.461
CXCL10	PARP14	9606.ENSP00000305651	9606.ENSP00000418194	0	0	0	0	0.387	0	0	0.184	0.479
CXCL10	HAVCR2	9606.ENSP00000305651	9606.ENSP00000312002	0	0	0	0	0.089	0	0	0.459	0.486
CXCL10	IFITM1	9606.ENSP00000305651	9606.ENSP00000386187	0	0	0	0	0.145	0	0	0.443	0.504
CXCL10	SIGLEC1	9606.ENSP00000305651	9606.ENSP00000341141	0	0	0	0	0.222	0	0	0.390	0.505
CXCL10	IFI35	9606.ENSP00000305651	9606.ENSP00000395590	0	0	0	0	0.258	0	0	0.395	0.532
CXCL10	IFI27	9606.ENSP00000305651	9606.ENSP00000483430	0	0	0	0	0.216	0	0	0.459	0.558
CXCL10	SOCS1	9606.ENSP00000305651	9606.ENSP00000329418	0	0	0	0	0.137	0	0	0.519	0.567
CXCL10	ISG20	9606.ENSP00000305651	9606.ENSP00000306565	0	0	0	0	0.182	0	0	0.510	0.582
CXCL10	FN1	9606.ENSP00000305651	9606.ENSP00000346839	0	0	0	0	0	0	0	0.589	0.590
CXCL10	TNFSF13B	9606.ENSP00000305651	9606.ENSP00000365048	0	0	0	0	0.152	0	0	0.560	0.611
CXCL10	MX2	9606.ENSP00000305651	9606.ENSP00000333657	0	0	0	0	0.290	0	0	0.535	0.656
CXCL10	OAS1	9606.ENSP00000305651	9606.ENSP00000388001	0	0	0	0	0.328	0	0	0.602	0.721
CXCL10	IFI44L	9606.ENSP00000305651	9606.ENSP00000359787	0	0	0	0	0.534	0	0	0.465	0.740
CXCL10	DDX58	9606.ENSP00000305651	9606.ENSP00000369213	0	0	0	0	0.399	0	0	0.681	0.800
CXCL10	OAS2	9606.ENSP00000305651	9606.ENSP00000342278	0	0	0	0	0.567	0	0	0.579	0.810
CXCL10	ISG15	9606.ENSP00000305651	9606.ENSP00000368699	0	0	0	0	0.394	0	0	0.700	0.811
CXCL10	IRF7	9606.ENSP00000305651	9606.ENSP00000380697	0	0	0	0	0.390	0	0	0.703	0.811
CXCL10	IFIT1	9606.ENSP00000305651	9606.ENSP00000360869	0	0	0	0	0.393	0	0	0.714	0.819
CXCL10	MX1	9606.ENSP00000305651	9606.ENSP00000381601	0	0	0	0	0.416	0	0	0.703	0.819
CXCL10	RSAD2	9606.ENSP00000305651	9606.ENSP00000371471	0	0	0	0	0.606	0	0	0.619	0.843
CXCL10	IFIT2	9606.ENSP00000305651	9606.ENSP00000360891	0	0	0	0	0.613	0	0	0.642	0.855
CXCL10	IFIT3	9606.ENSP00000305651	9606.ENSP00000360883	0	0	0	0	0.702	0	0	0.615	0.880
CXCL10	GBP1	9606.ENSP00000305651	9606.ENSP00000359504	0	0	0	0	0.795	0	0	0.550	0.903
CXCL10	STAT1	9606.ENSP00000305651	9606.ENSP00000354394	0	0	0	0	0.707	0	0	0.745	0.922
CXCL10	CXCL11	9606.ENSP00000305651	9606.ENSP00000306884	0	0	0	0.818	0.841	0.237	0.900	0.882	0.988
CXCL11	OAS3	9606.ENSP00000306884	9606.ENSP00000228928	0	0	0	0	0.146	0	0	0.346	0.418
CXCL11	TNFSF10	9606.ENSP00000306884	9606.ENSP00000241261	0	0	0	0	0.128	0	0	0.408	0.462
CXCL11	OASL	9606.ENSP00000306884	9606.ENSP00000257570	0	0	0	0	0.227	0	0	0.424	0.536
CXCL11	IL1RN	9606.ENSP00000306884	9606.ENSP00000259206	0	0	0	0	0.130	0	0	0.369	0.427
CXCL11	IFIH1	9606.ENSP00000306884	9606.ENSP00000263642	0	0	0	0	0.207	0	0	0.406	0.509
CXCL11	VAMP5	9606.ENSP00000306884	9606.ENSP00000305647	0	0	0	0	0	0	0	0.454	0.454
CXCL11	ISG20	9606.ENSP00000306884	9606.ENSP00000306565	0	0	0	0	0.119	0	0	0.359	0.411
CXCL11	IFI44L	9606.ENSP00000306884	9606.ENSP00000359787	0	0	0	0	0.201	0	0	0.296	0.414
CXCL11	TNFSF13B	9606.ENSP00000306884	9606.ENSP00000365048	0	0	0	0	0.137	0	0	0.374	0.436
CXCL11	MX2	9606.ENSP00000306884	9606.ENSP00000333657	0	0	0	0	0.131	0	0	0.394	0.451
CXCL11	OAS1	9606.ENSP00000306884	9606.ENSP00000388001	0	0	0	0	0.157	0	0	0.416	0.487
CXCL11	DDX58	9606.ENSP00000306884	9606.ENSP00000369213	0	0	0	0	0.230	0	0	0.426	0.539
CXCL11	IRF7	9606.ENSP00000306884	9606.ENSP00000380697	0	0	0	0	0.185	0	0	0.459	0.540
CXCL11	IFIT3	9606.ENSP00000306884	9606.ENSP00000360883	0	0	0	0	0.234	0	0	0.424	0.540
CXCL11	ISG15	9606.ENSP00000306884	9606.ENSP00000368699	0	0	0	0	0.176	0	0	0.468	0.543
CXCL11	OAS2	9606.ENSP00000306884	9606.ENSP00000342278	0	0	0	0	0.177	0	0	0.467	0.543
CXCL11	IFIT1	9606.ENSP00000306884	9606.ENSP00000360869	0	0	0	0	0.178	0	0	0.473	0.548
CXCL11	RSAD2	9606.ENSP00000306884	9606.ENSP00000371471	0	0	0	0	0.281	0	0	0.406	0.554
CXCL11	IFIT2	9606.ENSP00000306884	9606.ENSP00000360891	0	0	0	0	0.229	0	0	0.454	0.561
CXCL11	MX1	9606.ENSP00000306884	9606.ENSP00000381601	0	0	0	0	0.190	0	0	0.506	0.583
CXCL11	GBP1	9606.ENSP00000306884	9606.ENSP00000359504	0	0	0	0	0.356	0	0	0.430	0.617
CXCL11	STAT1	9606.ENSP00000306884	9606.ENSP00000354394	0	0	0	0	0.284	0	0	0.601	0.702
DDX58	OAS3	9606.ENSP00000369213	9606.ENSP00000228928	0	0	0	0	0.686	0	0	0.586	0.865
DDX58	TNFSF10	9606.ENSP00000369213	9606.ENSP00000241261	0	0	0	0	0.231	0	0	0.369	0.494
DDX58	OASL	9606.ENSP00000369213	9606.ENSP00000257570	0	0	0	0	0.779	0	0.800	0.940	0.997
DDX58	IFIH1	9606.ENSP00000369213	9606.ENSP00000263642	0	0	0	0.752	0.784	0	0.600	0.931	0.930
DDX58	HERC5	9606.ENSP00000369213	9606.ENSP00000264350	0	0	0	0	0.717	0	0.600	0.504	0.939
DDX58	UBE2L6	9606.ENSP00000369213	9606.ENSP00000287156	0	0	0	0	0.333	0.059	0.600	0.421	0.835
DDX58	ISG20	9606.ENSP00000369213	9606.ENSP00000306565	0	0	0	0	0.248	0	0	0.576	0.668
DDX58	EPSTI1	9606.ENSP00000369213	9606.ENSP00000318982	0	0	0	0	0.262	0	0	0.243	0.417
DDX58	SAMD9L	9606.ENSP00000369213	9606.ENSP00000326247	0	0	0	0	0.746	0	0	0.277	0.808
DDX58	SOCS1	9606.ENSP00000369213	9606.ENSP00000329418	0	0	0	0	0.062	0	0	0.520	0.531
DDX58	MX2	9606.ENSP00000369213	9606.ENSP00000333657	0	0	0	0	0.614	0	0.500	0.642	0.925
DDX58	OAS2	9606.ENSP00000369213	9606.ENSP00000342278	0	0	0	0	0.691	0	0	0.655	0.889
DDX58	PLSCR1	9606.ENSP00000369213	9606.ENSP00000345494	0	0	0	0	0.316	0	0	0.294	0.496
DDX58	STAT1	9606.ENSP00000369213	9606.ENSP00000354394	0	0	0	0	0.602	0.270	0.300	0.763	0.945
DDX58	XAF1	9606.ENSP00000369213	9606.ENSP00000354822	0	0	0	0	0.690	0	0	0.396	0.805
DDX58	GBP1	9606.ENSP00000369213	9606.ENSP00000359504	0	0	0	0	0.562	0.102	0	0.467	0.772
DDX58	IFI44L	9606.ENSP00000369213	9606.ENSP00000359787	0	0	0	0	0.773	0	0	0.465	0.873
DDX58	IFIT1	9606.ENSP00000369213	9606.ENSP00000360869	0	0	0	0	0.867	0	0.300	0.796	0.979
DDX58	IFIT3	9606.ENSP00000369213	9606.ENSP00000360883	0	0	0	0	0.815	0.270	0	0.630	0.945
DDX58	IFIT2	9606.ENSP00000369213	9606.ENSP00000360891	0	0	0	0	0.752	0	0	0.726	0.929
DDX58	ISG15	9606.ENSP00000369213	9606.ENSP00000368699	0	0	0	0	0.792	0.270	0.800	0.813	0.993
DDX58	IFITM2	9606.ENSP00000369213	9606.ENSP00000484689	0	0	0	0	0.125	0	0	0.452	0.500
DDX58	IFI27	9606.ENSP00000369213	9606.ENSP00000483430	0	0	0	0	0.189	0	0	0.469	0.550
DDX58	PARP14	9606.ENSP00000369213	9606.ENSP00000418194	0	0	0	0	0.478	0	0	0.275	0.605
DDX58	IFITM1	9606.ENSP00000369213	9606.ENSP00000386187	0	0	0	0	0.204	0	0	0.553	0.629
DDX58	IFITM3	9606.ENSP00000369213	9606.ENSP00000382707	0	0	0	0	0.135	0	0	0.609	0.647
DDX58	SAMD9	9606.ENSP00000369213	9606.ENSP00000369292	0	0	0	0	0.589	0	0	0.394	0.741
DDX58	IFI35	9606.ENSP00000369213	9606.ENSP00000395590	0	0	0	0	0.680	0	0	0.438	0.812
DDX58	OAS1	9606.ENSP00000369213	9606.ENSP00000388001	0	0	0	0	0.784	0	0	0.686	0.929
DDX58	RSAD2	9606.ENSP00000369213	9606.ENSP00000371471	0	0	0	0	0.841	0	0	0.742	0.957
DDX58	MX1	9606.ENSP00000369213	9606.ENSP00000381601	0	0	0	0	0.783	0	0.500	0.770	0.972
DDX58	IRF7	9606.ENSP00000369213	9606.ENSP00000380697	0	0	0	0	0.643	0	0.600	0.898	0.984
EPSTI1	OAS3	9606.ENSP00000318982	9606.ENSP00000228928	0	0	0	0	0.177	0	0	0.459	0.535
EPSTI1	OASL	9606.ENSP00000318982	9606.ENSP00000257570	0	0	0	0	0.251	0	0	0.287	0.443
EPSTI1	IFIH1	9606.ENSP00000318982	9606.ENSP00000263642	0	0	0	0	0.314	0	0	0.262	0.473
EPSTI1	HERC5	9606.ENSP00000318982	9606.ENSP00000264350	0	0	0	0	0.201	0	0	0.564	0.636
EPSTI1	IFIT2	9606.ENSP00000318982	9606.ENSP00000360891	0	0	0	0	0.184	0	0	0.325	0.426
EPSTI1	SAMD9	9606.ENSP00000318982	9606.ENSP00000369292	0	0	0	0	0.375	0	0	0.144	0.443
EPSTI1	XAF1	9606.ENSP00000318982	9606.ENSP00000354822	0	0	0	0	0.275	0	0	0.335	0.497
EPSTI1	OAS2	9606.ENSP00000318982	9606.ENSP00000342278	0	0	0	0	0.260	0	0	0.379	0.521
EPSTI1	STAT1	9606.ENSP00000318982	9606.ENSP00000354394	0	0	0	0	0.341	0	0	0.324	0.535
EPSTI1	GBP1	9606.ENSP00000318982	9606.ENSP00000359504	0	0	0	0	0.381	0	0	0.282	0.536
EPSTI1	IFI27	9606.ENSP00000318982	9606.ENSP00000483430	0	0	0	0	0.192	0	0	0.459	0.544
EPSTI1	IFIT1	9606.ENSP00000318982	9606.ENSP00000360869	0	0	0	0	0.268	0	0	0.408	0.548
EPSTI1	OAS1	9606.ENSP00000318982	9606.ENSP00000388001	0	0	0	0	0.315	0	0	0.369	0.549
EPSTI1	IFIT3	9606.ENSP00000318982	9606.ENSP00000360883	0	0	0	0	0.300	0	0	0.402	0.563
EPSTI1	ISG15	9606.ENSP00000318982	9606.ENSP00000368699	0	0	0	0	0.274	0	0	0.451	0.584
EPSTI1	MX1	9606.ENSP00000318982	9606.ENSP00000381601	0	0	0	0	0.335	0	0	0.469	0.632
EPSTI1	RSAD2	9606.ENSP00000318982	9606.ENSP00000371471	0	0	0	0	0.351	0	0	0.517	0.673
EPSTI1	SAMD9L	9606.ENSP00000318982	9606.ENSP00000326247	0	0	0	0	0.467	0	0	0.464	0.702
EPSTI1	IFI44L	9606.ENSP00000318982	9606.ENSP00000359787	0	0	0	0	0.393	0	0	0.601	0.747
FN1	NCF1	9606.ENSP00000346839	9606.ENSP00000289473	0	0	0	0	0	0	0	0.411	0.411
FN1	HSPA5	9606.ENSP00000346839	9606.ENSP00000324173	0	0	0	0	0.062	0.074	0	0.391	0.424
FN1	MDK	9606.ENSP00000346839	9606.ENSP00000385451	0	0	0	0	0.076	0	0	0.409	0.430
FN1	STAT1	9606.ENSP00000346839	9606.ENSP00000354394	0	0	0	0	0.062	0	0	0.465	0.477
FPR3	SIGLEC1	9606.ENSP00000341821	9606.ENSP00000341141	0	0	0	0	0.430	0	0	0.108	0.469
GBP1	LAP3	9606.ENSP00000359504	9606.ENSP00000226299	0	0	0	0	0.673	0	0	0	0.673
GBP1	OAS3	9606.ENSP00000359504	9606.ENSP00000228928	0	0	0	0	0.323	0	0	0.566	0.693
GBP1	TNFSF10	9606.ENSP00000359504	9606.ENSP00000241261	0	0	0	0	0.334	0	0	0.296	0.512
GBP1	OASL	9606.ENSP00000359504	9606.ENSP00000257570	0	0	0	0	0.347	0	0	0.605	0.731
GBP1	IFIH1	9606.ENSP00000359504	9606.ENSP00000263642	0	0	0	0	0.692	0.150	0	0.556	0.873
GBP1	HERC5	9606.ENSP00000359504	9606.ENSP00000264350	0	0	0	0	0.271	0.068	0	0.462	0.603
GBP1	UBE2L6	9606.ENSP00000359504	9606.ENSP00000287156	0	0	0	0	0.554	0	0	0.414	0.727
GBP1	ISG20	9606.ENSP00000359504	9606.ENSP00000306565	0	0	0	0	0.160	0	0	0.599	0.649
GBP1	SAMD9L	9606.ENSP00000359504	9606.ENSP00000326247	0	0	0	0	0.795	0	0	0.267	0.843
GBP1	MX2	9606.ENSP00000359504	9606.ENSP00000333657	0	0	0	0	0.243	0	0	0.530	0.629
GBP1	OAS2	9606.ENSP00000359504	9606.ENSP00000342278	0	0	0	0	0.397	0	0	0.600	0.748
GBP1	PLSCR1	9606.ENSP00000359504	9606.ENSP00000345494	0	0	0	0	0.315	0	0	0.460	0.614
GBP1	STAT1	9606.ENSP00000359504	9606.ENSP00000354394	0	0	0	0	0.812	0	0	0.611	0.924
GBP1	XAF1	9606.ENSP00000359504	9606.ENSP00000354822	0	0	0	0	0.582	0	0	0.422	0.748
GBP1	IFITM2	9606.ENSP00000359504	9606.ENSP00000484689	0	0	0	0	0.101	0	0	0.402	0.439
GBP1	PARP14	9606.ENSP00000359504	9606.ENSP00000418194	0	0	0	0	0.253	0	0	0.290	0.447
GBP1	IFI30	9606.ENSP00000359504	9606.ENSP00000384886	0	0	0	0	0.104	0	0	0.455	0.491
GBP1	IFITM3	9606.ENSP00000359504	9606.ENSP00000382707	0	0	0	0	0.135	0	0	0.504	0.552
GBP1	SAMD9	9606.ENSP00000359504	9606.ENSP00000369292	0	0	0	0	0.483	0	0	0.270	0.607
GBP1	IFITM1	9606.ENSP00000359504	9606.ENSP00000386187	0	0	0	0	0.160	0	0	0.566	0.620
GBP1	IFI27	9606.ENSP00000359504	9606.ENSP00000483430	0	0	0	0	0.111	0	0	0.603	0.632
GBP1	IRF7	9606.ENSP00000359504	9606.ENSP00000380697	0	0	0	0	0.254	0.144	0	0.556	0.691
GBP1	OAS1	9606.ENSP00000359504	9606.ENSP00000388001	0	0	0	0	0.317	0	0	0.614	0.725
GBP1	IFI35	9606.ENSP00000359504	9606.ENSP00000395590	0	0	0	0	0.353	0	0	0.595	0.727
GBP1	IFIT1	9606.ENSP00000359504	9606.ENSP00000360869	0	0	0	0	0.366	0	0	0.665	0.779
GBP1	MX1	9606.ENSP00000359504	9606.ENSP00000381601	0	0	0	0	0.394	0	0	0.671	0.792
GBP1	RSAD2	9606.ENSP00000359504	9606.ENSP00000371471	0	0	0	0	0.563	0	0	0.574	0.806
GBP1	ISG15	9606.ENSP00000359504	9606.ENSP00000368699	0	0	0	0	0.350	0	0	0.727	0.815
GBP1	IFI44L	9606.ENSP00000359504	9606.ENSP00000359787	0	0	0	0	0.568	0	0	0.602	0.820
GBP1	IFIT2	9606.ENSP00000359504	9606.ENSP00000360891	0	0	0	0	0.580	0	0	0.613	0.830
GBP1	IFIT3	9606.ENSP00000359504	9606.ENSP00000360883	0	0	0	0	0.776	0	0	0.601	0.907
GIMAP4	SIGLEC1	9606.ENSP00000255945	9606.ENSP00000341141	0	0	0	0	0.328	0	0	0.203	0.442
GIMAP4	MS4A6A	9606.ENSP00000255945	9606.ENSP00000392770	0	0	0	0	0.518	0	0	0.096	0.545
HAVCR2	STAT1	9606.ENSP00000312002	9606.ENSP00000354394	0	0	0	0	0	0	0	0.519	0.519
HAVCR2	IFI30	9606.ENSP00000312002	9606.ENSP00000384886	0	0	0	0	0.197	0	0	0.570	0.640
HAVCR2	LGMN	9606.ENSP00000312002	9606.ENSP00000376911	0	0	0	0	0.063	0	0	0.653	0.661
HERC5	OAS3	9606.ENSP00000264350	9606.ENSP00000228928	0	0	0	0	0.751	0	0	0.567	0.887
HERC5	OASL	9606.ENSP00000264350	9606.ENSP00000257570	0	0	0	0	0.787	0.167	0	0.568	0.916
HERC5	IFIH1	9606.ENSP00000264350	9606.ENSP00000263642	0	0	0	0	0.740	0	0	0.478	0.859
HERC5	IFITM3	9606.ENSP00000264350	9606.ENSP00000382707	0	0	0	0	0.143	0.057	0	0.329	0.410
HERC5	PARP14	9606.ENSP00000264350	9606.ENSP00000418194	0	0	0	0	0.252	0.056	0	0.278	0.446
HERC5	IFI27	9606.ENSP00000264350	9606.ENSP00000483430	0	0	0	0	0.098	0	0	0.518	0.547
HERC5	SAMD9	9606.ENSP00000264350	9606.ENSP00000369292	0	0	0	0	0.285	0	0	0.406	0.557
HERC5	IFITM1	9606.ENSP00000264350	9606.ENSP00000386187	0	0	0	0	0.274	0.057	0	0.412	0.562
HERC5	ISG20	9606.ENSP00000264350	9606.ENSP00000306565	0	0	0	0	0.240	0	0	0.459	0.571
HERC5	PLSCR1	9606.ENSP00000264350	9606.ENSP00000345494	0	0	0	0	0.323	0	0	0.460	0.619
HERC5	IFI35	9606.ENSP00000264350	9606.ENSP00000395590	0	0	0	0	0.569	0	0	0.342	0.704
HERC5	IRF7	9606.ENSP00000264350	9606.ENSP00000380697	0	0	0	0	0.463	0	0	0.489	0.714
HERC5	SAMD9L	9606.ENSP00000264350	9606.ENSP00000326247	0	0	0	0	0.597	0	0	0.389	0.743
HERC5	XAF1	9606.ENSP00000264350	9606.ENSP00000354822	0	0	0	0	0.631	0	0	0.410	0.773
HERC5	OAS1	9606.ENSP00000264350	9606.ENSP00000388001	0	0	0	0	0.720	0	0	0.519	0.859
HERC5	OAS2	9606.ENSP00000264350	9606.ENSP00000342278	0	0	0	0	0.739	0	0	0.564	0.881
HERC5	IFIT2	9606.ENSP00000264350	9606.ENSP00000360891	0	0	0	0	0.810	0.120	0	0.533	0.915
HERC5	IFI44L	9606.ENSP00000264350	9606.ENSP00000359787	0	0	0	0	0.805	0	0	0.612	0.921
HERC5	IFIT3	9606.ENSP00000264350	9606.ENSP00000360883	0	0	0	0	0.815	0.120	0	0.569	0.924
HERC5	RSAD2	9606.ENSP00000264350	9606.ENSP00000371471	0	0	0	0	0.822	0	0	0.622	0.930
HERC5	UBE2L6	9606.ENSP00000264350	9606.ENSP00000287156	0	0	0	0	0.296	0.360	0.600	0.830	0.965
HERC5	STAT1	9606.ENSP00000264350	9606.ENSP00000354394	0	0	0	0	0.599	0	0.900	0.468	0.976
HERC5	MX2	9606.ENSP00000264350	9606.ENSP00000333657	0	0	0	0	0.606	0.142	0.900	0.529	0.982
HERC5	MX1	9606.ENSP00000264350	9606.ENSP00000381601	0	0	0	0	0.798	0.142	0.900	0.631	0.992
HERC5	IFIT1	9606.ENSP00000264350	9606.ENSP00000360869	0	0	0	0	0.811	0.120	0.900	0.627	0.992
HERC5	ISG15	9606.ENSP00000264350	9606.ENSP00000368699	0	0	0	0	0.796	0.553	0.800	0.783	0.995
HLA-DQA2	LGMN	9606.ENSP00000364076	9606.ENSP00000376911	0	0	0	0	0	0	0.900	0.079	0.903
HSPA5	PPIB	9606.ENSP00000324173	9606.ENSP00000300026	0	0.003	0	0	0.475	0.734	0.360	0.608	0.960
IFI27	OAS3	9606.ENSP00000483430	9606.ENSP00000228928	0	0	0	0	0.090	0	0.900	0.611	0.961
IFI27	OASL	9606.ENSP00000483430	9606.ENSP00000257570	0	0	0	0	0.117	0	0.900	0.670	0.968
IFI27	IFIH1	9606.ENSP00000483430	9606.ENSP00000263642	0	0	0	0	0.115	0	0	0.518	0.555
IFI27	ISG20	9606.ENSP00000483430	9606.ENSP00000306565	0	0	0	0	0.062	0	0.900	0.596	0.958
IFI27	MX2	9606.ENSP00000483430	9606.ENSP00000333657	0	0	0	0	0.184	0	0.900	0.519	0.957
IFI27	SIGLEC1	9606.ENSP00000483430	9606.ENSP00000341141	0	0	0	0	0.109	0	0	0.517	0.551
IFI27	OAS2	9606.ENSP00000483430	9606.ENSP00000342278	0	0	0	0	0.117	0	0.900	0.612	0.962
IFI27	PLSCR1	9606.ENSP00000483430	9606.ENSP00000345494	0	0	0	0	0	0	0	0.504	0.504
IFI27	STAT1	9606.ENSP00000483430	9606.ENSP00000354394	0	0	0	0	0.108	0	0.900	0.559	0.957
IFI27	XAF1	9606.ENSP00000483430	9606.ENSP00000354822	0	0	0	0	0.243	0	0.900	0.493	0.958
IFI27	IFI44L	9606.ENSP00000483430	9606.ENSP00000359787	0	0	0	0	0.154	0	0	0.759	0.787
IFI27	IFIT1	9606.ENSP00000483430	9606.ENSP00000360869	0	0	0	0	0.229	0	0.900	0.715	0.976
IFI27	IFIT3	9606.ENSP00000483430	9606.ENSP00000360883	0	0	0	0	0.225	0	0.900	0.608	0.966
IFI27	IFIT2	9606.ENSP00000483430	9606.ENSP00000360891	0	0	0	0	0.113	0	0.900	0.602	0.961
IFI27	ISG15	9606.ENSP00000483430	9606.ENSP00000368699	0	0	0	0	0.813	0	0.900	0.710	0.994
IFI27	RSAD2	9606.ENSP00000483430	9606.ENSP00000371471	0	0	0	0	0.510	0	0.900	0.706	0.984
IFI27	IRF7	9606.ENSP00000483430	9606.ENSP00000380697	0	0	0	0	0.258	0	0.900	0.601	0.967
IFI27	MX1	9606.ENSP00000483430	9606.ENSP00000381601	0	0	0	0	0.657	0	0.900	0.687	0.988
IFI27	IFITM3	9606.ENSP00000483430	9606.ENSP00000382707	0	0	0	0	0.132	0	0.900	0.557	0.958
IFI27	IFI30	9606.ENSP00000483430	9606.ENSP00000384886	0	0	0	0	0	0	0	0.501	0.501
IFI27	IFITM1	9606.ENSP00000483430	9606.ENSP00000386187	0	0	0	0	0.135	0	0.900	0.663	0.968
IFI27	OAS1	9606.ENSP00000483430	9606.ENSP00000388001	0	0	0	0	0.333	0	0.900	0.703	0.978
IFI27	IFI35	9606.ENSP00000483430	9606.ENSP00000395590	0	0	0	0	0.113	0	0.900	0.618	0.963
IFI27	RNF213	9606.ENSP00000483430	9606.ENSP00000464087	0	0	0	0	0.263	0	0	0.229	0.408
IFI27	IFITM2	9606.ENSP00000483430	9606.ENSP00000484689	0	0	0	0	0.109	0	0.900	0.459	0.947
IFI30	OASL	9606.ENSP00000384886	9606.ENSP00000257570	0	0	0	0	0.098	0	0	0.384	0.420
IFI30	ISG20	9606.ENSP00000384886	9606.ENSP00000306565	0	0	0	0	0.107	0	0	0.364	0.408
IFI30	IFI44L	9606.ENSP00000384886	9606.ENSP00000359787	0	0	0	0	0	0	0	0.458	0.457
IFI30	ISG15	9606.ENSP00000384886	9606.ENSP00000368699	0	0	0	0	0.154	0	0	0.322	0.401
IFI30	LGMN	9606.ENSP00000384886	9606.ENSP00000376911	0	0	0	0	0.094	0	0	0.530	0.555
IFI30	IRF7	9606.ENSP00000384886	9606.ENSP00000380697	0	0	0	0	0.096	0	0	0.370	0.406
IFI30	MX1	9606.ENSP00000384886	9606.ENSP00000381601	0	0	0	0	0.107	0	0	0.399	0.440
IFI30	IFITM3	9606.ENSP00000384886	9606.ENSP00000382707	0	0	0	0	0.104	0	0	0.461	0.497
IFI30	OAS1	9606.ENSP00000384886	9606.ENSP00000388001	0	0	0	0	0.139	0	0	0.413	0.472
IFI30	IFITM1	9606.ENSP00000384886	9606.ENSP00000386187	0	0	0	0	0.102	0	0	0.497	0.529
IFI30	IFI35	9606.ENSP00000384886	9606.ENSP00000395590	0	0	0	0	0.142	0	0	0.542	0.590
IFI35	OAS3	9606.ENSP00000395590	9606.ENSP00000228928	0	0	0	0	0.765	0	0.900	0.562	0.988
IFI35	OASL	9606.ENSP00000395590	9606.ENSP00000257570	0	0	0	0	0.724	0	0.900	0.561	0.986
IFI35	IFIH1	9606.ENSP00000395590	9606.ENSP00000263642	0	0	0	0	0.584	0	0	0.540	0.800
IFI35	UBE2L6	9606.ENSP00000395590	9606.ENSP00000287156	0	0	0	0	0.914	0	0	0.294	0.937
IFI35	ISG20	9606.ENSP00000395590	9606.ENSP00000306565	0	0	0	0	0.328	0	0.900	0.616	0.971
IFI35	SAMD9L	9606.ENSP00000395590	9606.ENSP00000326247	0	0	0	0	0.671	0	0	0.160	0.712
IFI35	MX2	9606.ENSP00000395590	9606.ENSP00000333657	0	0	0	0	0.563	0	0.900	0.502	0.976
IFI35	OAS2	9606.ENSP00000395590	9606.ENSP00000342278	0	0	0	0	0.765	0	0.900	0.601	0.989
IFI35	PLSCR1	9606.ENSP00000395590	9606.ENSP00000345494	0	0	0	0	0.317	0	0	0.370	0.551
IFI35	STAT1	9606.ENSP00000395590	9606.ENSP00000354394	0	0	0	0	0.796	0	0.900	0.520	0.989
IFI35	XAF1	9606.ENSP00000395590	9606.ENSP00000354822	0	0	0	0	0.680	0	0.900	0.421	0.979
IFI35	IFI44L	9606.ENSP00000395590	9606.ENSP00000359787	0	0	0	0	0.728	0	0	0.610	0.889
IFI35	IFIT1	9606.ENSP00000395590	9606.ENSP00000360869	0	0	0	0	0.681	0	0.900	0.694	0.989
IFI35	IFIT3	9606.ENSP00000395590	9606.ENSP00000360883	0	0	0	0	0.792	0	0.900	0.682	0.992
IFI35	IFIT2	9606.ENSP00000395590	9606.ENSP00000360891	0	0	0	0	0.338	0	0.900	0.603	0.971
IFI35	ISG15	9606.ENSP00000395590	9606.ENSP00000368699	0	0	0	0	0.790	0	0.900	0.607	0.991
IFI35	RSAD2	9606.ENSP00000395590	9606.ENSP00000371471	0	0	0	0	0.578	0	0.900	0.513	0.977
IFI35	IRF7	9606.ENSP00000395590	9606.ENSP00000380697	0	0	0	0	0.708	0.084	0.900	0.625	0.988
IFI35	MX1	9606.ENSP00000395590	9606.ENSP00000381601	0	0	0	0	0.775	0	0.900	0.601	0.990
IFI35	IFITM3	9606.ENSP00000395590	9606.ENSP00000382707	0	0	0	0	0.338	0	0.900	0.570	0.969
IFI35	IFITM1	9606.ENSP00000395590	9606.ENSP00000386187	0	0	0	0	0.562	0	0.900	0.671	0.984
IFI35	OAS1	9606.ENSP00000395590	9606.ENSP00000388001	0	0	0	0	0.753	0	0.900	0.651	0.990
IFI35	RNF213	9606.ENSP00000395590	9606.ENSP00000464087	0	0	0	0	0.230	0	0	0.284	0.425
IFI35	PARP14	9606.ENSP00000395590	9606.ENSP00000418194	0	0	0	0	0.269	0	0	0.313	0.477
IFI35	IFITM2	9606.ENSP00000395590	9606.ENSP00000484689	0	0	0	0	0.188	0	0.900	0.413	0.948
IFI44L	LAP3	9606.ENSP00000359787	9606.ENSP00000226299	0	0	0	0	0.533	0	0	0	0.533
IFI44L	OAS3	9606.ENSP00000359787	9606.ENSP00000228928	0	0	0	0	0.787	0	0	0.680	0.929
IFI44L	TNFSF10	9606.ENSP00000359787	9606.ENSP00000241261	0	0	0	0	0.255	0	0	0.277	0.439
IFI44L	OASL	9606.ENSP00000359787	9606.ENSP00000257570	0	0	0	0	0.781	0	0	0.654	0.921
IFI44L	IFIH1	9606.ENSP00000359787	9606.ENSP00000263642	0	0	0	0	0.789	0	0	0.571	0.905
IFI44L	UBE2L6	9606.ENSP00000359787	9606.ENSP00000287156	0	0	0	0	0.549	0	0	0.339	0.689
IFI44L	ISG20	9606.ENSP00000359787	9606.ENSP00000306565	0	0	0	0	0.170	0	0	0.527	0.591
IFI44L	SAMD9L	9606.ENSP00000359787	9606.ENSP00000326247	0	0	0	0	0.785	0	0	0.480	0.883
IFI44L	MX2	9606.ENSP00000359787	9606.ENSP00000333657	0	0	0	0	0.685	0	0	0.531	0.846
IFI44L	SIGLEC1	9606.ENSP00000359787	9606.ENSP00000341141	0	0	0	0	0.123	0	0	0.556	0.593
IFI44L	OAS2	9606.ENSP00000359787	9606.ENSP00000342278	0	0	0	0	0.786	0	0	0.675	0.927
IFI44L	PLSCR1	9606.ENSP00000359787	9606.ENSP00000345494	0	0	0	0	0.552	0	0	0.520	0.775
IFI44L	STAT1	9606.ENSP00000359787	9606.ENSP00000354394	0	0	0	0	0.785	0	0	0.520	0.892
IFI44L	XAF1	9606.ENSP00000359787	9606.ENSP00000354822	0	0	0	0	0.826	0	0	0.510	0.911
IFI44L	IFITM2	9606.ENSP00000359787	9606.ENSP00000484689	0	0	0	0	0.107	0	0	0.413	0.454
IFI44L	SAMD9	9606.ENSP00000359787	9606.ENSP00000369292	0	0	0	0	0.335	0	0	0.394	0.580
IFI44L	IFITM3	9606.ENSP00000359787	9606.ENSP00000382707	0	0	0	0	0.202	0	0	0.553	0.628
IFI44L	PARP14	9606.ENSP00000359787	9606.ENSP00000418194	0	0	0	0	0.537	0	0	0.271	0.648
IFI44L	IFITM1	9606.ENSP00000359787	9606.ENSP00000386187	0	0	0	0	0.553	0	0	0.677	0.850
IFI44L	IRF7	9606.ENSP00000359787	9606.ENSP00000380697	0	0	0	0	0.764	0	0	0.594	0.900
IFI44L	IFIT2	9606.ENSP00000359787	9606.ENSP00000360891	0	0	0	0	0.773	0	0	0.662	0.920
IFI44L	ISG15	9606.ENSP00000359787	9606.ENSP00000368699	0	0	0	0	0.807	0	0	0.686	0.937
IFI44L	OAS1	9606.ENSP00000359787	9606.ENSP00000388001	0	0	0	0	0.796	0	0	0.705	0.937
IFI44L	IFIT3	9606.ENSP00000359787	9606.ENSP00000360883	0	0	0	0	0.835	0	0	0.716	0.951
IFI44L	MX1	9606.ENSP00000359787	9606.ENSP00000381601	0	0	0	0	0.833	0	0	0.726	0.952
IFI44L	RSAD2	9606.ENSP00000359787	9606.ENSP00000371471	0	0	0	0	0.840	0	0	0.741	0.956
IFI44L	IFIT1	9606.ENSP00000359787	9606.ENSP00000360869	0	0	0	0	0.841	0	0	0.772	0.962
IFIH1	LAP3	9606.ENSP00000263642	9606.ENSP00000226299	0	0	0	0	0.544	0	0	0	0.544
IFIH1	OAS3	9606.ENSP00000263642	9606.ENSP00000228928	0	0	0	0	0.685	0	0	0.597	0.867
IFIH1	TNFSF10	9606.ENSP00000263642	9606.ENSP00000241261	0	0	0	0	0.300	0	0	0.315	0.500
IFIH1	OASL	9606.ENSP00000263642	9606.ENSP00000257570	0	0	0	0	0.664	0	0	0.742	0.909
IFIH1	IFITM2	9606.ENSP00000263642	9606.ENSP00000484689	0	0	0	0	0.063	0	0	0.457	0.470
IFIH1	SOCS1	9606.ENSP00000263642	9606.ENSP00000329418	0	0	0	0	0.096	0	0	0.464	0.494
IFIH1	RNF213	9606.ENSP00000263642	9606.ENSP00000464087	0	0	0	0	0.436	0	0	0.317	0.598
IFIH1	IFITM3	9606.ENSP00000263642	9606.ENSP00000382707	0	0	0	0	0.118	0	0	0.607	0.639
IFIH1	IFITM1	9606.ENSP00000263642	9606.ENSP00000386187	0	0	0	0	0.199	0	0	0.604	0.670
IFIH1	PLSCR1	9606.ENSP00000263642	9606.ENSP00000345494	0	0	0	0	0.538	0	0	0.318	0.671
IFIH1	ISG20	9606.ENSP00000263642	9606.ENSP00000306565	0	0	0	0	0.225	0	0	0.608	0.683
IFIH1	SAMD9	9606.ENSP00000263642	9606.ENSP00000369292	0	0	0	0	0.701	0	0	0.275	0.774
IFIH1	XAF1	9606.ENSP00000263642	9606.ENSP00000354822	0	0	0	0	0.647	0	0	0.399	0.779
IFIH1	SAMD9L	9606.ENSP00000263642	9606.ENSP00000326247	0	0	0	0	0.776	0	0	0.291	0.835
IFIH1	MX2	9606.ENSP00000263642	9606.ENSP00000333657	0	0	0	0	0.629	0	0	0.627	0.856
IFIH1	OAS1	9606.ENSP00000263642	9606.ENSP00000388001	0	0	0	0	0.645	0	0	0.681	0.881
IFIH1	PARP14	9606.ENSP00000263642	9606.ENSP00000418194	0	0	0	0	0.871	0	0	0.288	0.904
IFIH1	OAS2	9606.ENSP00000263642	9606.ENSP00000342278	0	0	0	0	0.771	0	0	0.676	0.922
IFIH1	STAT1	9606.ENSP00000263642	9606.ENSP00000354394	0	0	0	0	0.712	0	0	0.758	0.927
IFIH1	IFIT3	9606.ENSP00000263642	9606.ENSP00000360883	0	0	0	0	0.806	0	0	0.649	0.929
IFIH1	IFIT2	9606.ENSP00000263642	9606.ENSP00000360891	0	0	0	0	0.793	0	0	0.705	0.936
IFIH1	ISG15	9606.ENSP00000263642	9606.ENSP00000368699	0	0	0	0	0.753	0	0	0.780	0.943
IFIH1	MX1	9606.ENSP00000263642	9606.ENSP00000381601	0	0	0	0	0.804	0	0	0.755	0.950
IFIH1	RSAD2	9606.ENSP00000263642	9606.ENSP00000371471	0	0	0	0	0.817	0	0	0.755	0.953
IFIH1	UBE2L6	9606.ENSP00000263642	9606.ENSP00000287156	0	0	0	0	0.259	0.059	0.900	0.423	0.954
IFIH1	IFIT1	9606.ENSP00000263642	9606.ENSP00000360869	0	0	0	0	0.834	0	0	0.768	0.959
IFIH1	IRF7	9606.ENSP00000263642	9606.ENSP00000380697	0	0	0	0	0.423	0	0.600	0.876	0.969
IFIT1	OAS3	9606.ENSP00000360869	9606.ENSP00000228928	0	0	0	0	0.785	0.256	0.900	0.716	0.994
IFIT1	TNFSF10	9606.ENSP00000360869	9606.ENSP00000241261	0	0	0	0	0.230	0	0	0.385	0.507
IFIT1	OASL	9606.ENSP00000360869	9606.ENSP00000257570	0	0	0	0	0.896	0.160	0.900	0.782	0.997
IFIT1	UBE2L6	9606.ENSP00000360869	9606.ENSP00000287156	0	0	0	0	0.540	0.119	0.900	0.422	0.973
IFIT1	ISG20	9606.ENSP00000360869	9606.ENSP00000306565	0.041	0	0	0	0.174	0	0.900	0.732	0.976
IFIT1	SAMD9L	9606.ENSP00000360869	9606.ENSP00000326247	0	0	0	0	0.762	0	0	0.383	0.847
IFIT1	SOCS1	9606.ENSP00000360869	9606.ENSP00000329418	0	0	0	0	0.062	0	0	0.461	0.473
IFIT1	MX2	9606.ENSP00000360869	9606.ENSP00000333657	0	0	0	0	0.826	0	0.500	0.733	0.974
IFIT1	SIGLEC1	9606.ENSP00000360869	9606.ENSP00000341141	0	0	0	0	0.115	0	0	0.455	0.497
IFIT1	OAS2	9606.ENSP00000360869	9606.ENSP00000342278	0	0	0	0	0.836	0.256	0.900	0.763	0.996
IFIT1	PLSCR1	9606.ENSP00000360869	9606.ENSP00000345494	0	0	0	0	0.548	0	0	0.505	0.766
IFIT1	STAT1	9606.ENSP00000360869	9606.ENSP00000354394	0	0	0	0	0.756	0	0.300	0.742	0.952
IFIT1	XAF1	9606.ENSP00000360869	9606.ENSP00000354822	0	0	0	0	0.768	0	0.900	0.521	0.987
IFIT1	PARP14	9606.ENSP00000360869	9606.ENSP00000418194	0	0	0	0	0.265	0.060	0	0.334	0.500
IFIT1	SAMD9	9606.ENSP00000360869	9606.ENSP00000369292	0	0	0	0	0.603	0	0	0.502	0.794
IFIT1	IFITM2	9606.ENSP00000360869	9606.ENSP00000484689	0	0	0	0	0.109	0	0.900	0.538	0.955
IFIT1	IFITM3	9606.ENSP00000360869	9606.ENSP00000382707	0	0	0	0	0.162	0	0.900	0.674	0.970
IFIT1	IFITM1	9606.ENSP00000360869	9606.ENSP00000386187	0	0	0	0	0.330	0	0.900	0.728	0.980
IFIT1	IRF7	9606.ENSP00000360869	9606.ENSP00000380697	0	0	0	0	0.705	0	0.900	0.795	0.993
IFIT1	ISG15	9606.ENSP00000360869	9606.ENSP00000368699	0	0	0	0	0.874	0.160	0.600	0.884	0.994
IFIT1	IFIT2	9606.ENSP00000360869	9606.ENSP00000360891	0	0	0	0.915	0.850	0.660	0.900	0.976	0.994
IFIT1	MX1	9606.ENSP00000360869	9606.ENSP00000381601	0	0	0	0	0.914	0	0.500	0.883	0.994
IFIT1	OAS1	9606.ENSP00000360869	9606.ENSP00000388001	0	0	0	0	0.801	0	0.900	0.802	0.995
IFIT1	RSAD2	9606.ENSP00000360869	9606.ENSP00000371471	0	0	0	0	0.885	0.154	0.900	0.833	0.998
IFIT1	IFIT3	9606.ENSP00000360869	9606.ENSP00000360883	0	0	0	0.898	0.999	0.974	0.900	0.965	0.999
IFIT2	OAS3	9606.ENSP00000360891	9606.ENSP00000228928	0	0	0	0	0.564	0.327	0.900	0.698	0.989
IFIT2	TNFSF10	9606.ENSP00000360891	9606.ENSP00000241261	0	0	0	0	0.264	0	0	0.347	0.499
IFIT2	OASL	9606.ENSP00000360891	9606.ENSP00000257570	0	0	0	0	0.793	0.160	0.900	0.703	0.994
IFIT2	UBE2L6	9606.ENSP00000360891	9606.ENSP00000287156	0	0	0	0	0.196	0.119	0	0.325	0.480
IFIT2	ISG20	9606.ENSP00000360891	9606.ENSP00000306565	0.041	0	0	0	0.202	0	0.900	0.707	0.974
IFIT2	SAMD9L	9606.ENSP00000360891	9606.ENSP00000326247	0	0	0	0	0.745	0	0	0.423	0.847
IFIT2	MX2	9606.ENSP00000360891	9606.ENSP00000333657	0	0	0	0	0.421	0	0.900	0.686	0.980
IFIT2	OAS2	9606.ENSP00000360891	9606.ENSP00000342278	0	0	0	0	0.681	0.327	0.900	0.721	0.993
IFIT2	PLSCR1	9606.ENSP00000360891	9606.ENSP00000345494	0	0	0	0	0.199	0	0	0.355	0.461
IFIT2	STAT1	9606.ENSP00000360891	9606.ENSP00000354394	0	0	0	0	0.609	0	0.900	0.681	0.986
IFIT2	XAF1	9606.ENSP00000360891	9606.ENSP00000354822	0	0	0	0	0.655	0	0.900	0.476	0.980
IFIT2	IFIT3	9606.ENSP00000360891	9606.ENSP00000360883	0	0	0	0.945	0.863	0.875	0.900	0.954	0.998
IFIT2	RNF213	9606.ENSP00000360891	9606.ENSP00000464087	0	0	0	0	0.253	0	0	0.320	0.471
IFIT2	PARP14	9606.ENSP00000360891	9606.ENSP00000418194	0	0	0	0	0.397	0.060	0	0.279	0.555
IFIT2	SAMD9	9606.ENSP00000360891	9606.ENSP00000369292	0	0	0	0	0.586	0	0	0.401	0.741
IFIT2	IFITM2	9606.ENSP00000360891	9606.ENSP00000484689	0	0	0	0	0.093	0	0.900	0.459	0.946
IFIT2	IFITM3	9606.ENSP00000360891	9606.ENSP00000382707	0	0	0	0	0.117	0	0.900	0.635	0.965
IFIT2	IFITM1	9606.ENSP00000360891	9606.ENSP00000386187	0	0	0	0	0.214	0	0.900	0.636	0.968
IFIT2	IRF7	9606.ENSP00000360891	9606.ENSP00000380697	0	0	0	0	0.455	0	0.900	0.693	0.981
IFIT2	OAS1	9606.ENSP00000360891	9606.ENSP00000388001	0	0	0	0	0.664	0	0.900	0.700	0.989
IFIT2	MX1	9606.ENSP00000360891	9606.ENSP00000381601	0	0	0	0	0.752	0	0.900	0.772	0.993
IFIT2	RSAD2	9606.ENSP00000360891	9606.ENSP00000371471	0	0	0	0	0.812	0.154	0.900	0.726	0.995
IFIT2	ISG15	9606.ENSP00000360891	9606.ENSP00000368699	0	0	0	0	0.781	0.160	0.900	0.794	0.995
IFIT3	LAP3	9606.ENSP00000360883	9606.ENSP00000226299	0	0	0	0	0.552	0	0	0	0.552
IFIT3	OAS3	9606.ENSP00000360883	9606.ENSP00000228928	0	0	0	0	0.789	0.329	0.900	0.697	0.995
IFIT3	TNFSF10	9606.ENSP00000360883	9606.ENSP00000241261	0	0	0	0	0.326	0	0	0.312	0.517
IFIT3	OASL	9606.ENSP00000360883	9606.ENSP00000257570	0	0	0	0	0.847	0.160	0.900	0.712	0.995
IFIT3	UBE2L6	9606.ENSP00000360883	9606.ENSP00000287156	0	0	0	0	0.684	0.119	0	0.396	0.817
IFIT3	VAMP5	9606.ENSP00000360883	9606.ENSP00000305647	0	0	0	0	0.063	0.082	0	0.629	0.653
IFIT3	ISG20	9606.ENSP00000360883	9606.ENSP00000306565	0.041	0	0	0	0.233	0	0.900	0.660	0.971
IFIT3	SAMD9L	9606.ENSP00000360883	9606.ENSP00000326247	0	0	0	0	0.806	0	0	0.445	0.888
IFIT3	MX2	9606.ENSP00000360883	9606.ENSP00000333657	0	0	0	0	0.692	0	0.900	0.695	0.989
IFIT3	OAS2	9606.ENSP00000360883	9606.ENSP00000342278	0	0	0	0	0.817	0.329	0.900	0.702	0.995
IFIT3	PLSCR1	9606.ENSP00000360883	9606.ENSP00000345494	0	0	0	0	0.565	0	0	0.463	0.756
IFIT3	STAT1	9606.ENSP00000360883	9606.ENSP00000354394	0	0	0	0	0.801	0	0.900	0.663	0.992
IFIT3	XAF1	9606.ENSP00000360883	9606.ENSP00000354822	0	0	0	0	0.798	0	0.900	0.464	0.988
IFIT3	RNF213	9606.ENSP00000360883	9606.ENSP00000464087	0	0	0	0	0.360	0	0	0.441	0.627
IFIT3	SAMD9	9606.ENSP00000360883	9606.ENSP00000369292	0	0	0	0	0.613	0	0	0.446	0.777
IFIT3	PARP14	9606.ENSP00000360883	9606.ENSP00000418194	0	0	0	0	0.689	0.060	0	0.324	0.785
IFIT3	IFITM2	9606.ENSP00000360883	9606.ENSP00000484689	0	0	0	0	0.122	0	0.900	0.481	0.950
IFIT3	IFITM3	9606.ENSP00000360883	9606.ENSP00000382707	0	0	0	0	0.234	0	0.900	0.625	0.968
IFIT3	IFITM1	9606.ENSP00000360883	9606.ENSP00000386187	0	0	0	0	0.341	0	0.900	0.683	0.977
IFIT3	OAS1	9606.ENSP00000360883	9606.ENSP00000388001	0	0	0	0	0.797	0	0.900	0.710	0.993
IFIT3	IRF7	9606.ENSP00000360883	9606.ENSP00000380697	0	0	0	0	0.854	0	0.900	0.683	0.995
IFIT3	MX1	9606.ENSP00000360883	9606.ENSP00000381601	0	0	0	0	0.838	0	0.900	0.763	0.995
IFIT3	ISG15	9606.ENSP00000360883	9606.ENSP00000368699	0	0	0	0	0.840	0.160	0.900	0.792	0.996
IFIT3	RSAD2	9606.ENSP00000360883	9606.ENSP00000371471	0	0	0	0	0.823	0.398	0.900	0.716	0.996
IFITM1	OAS3	9606.ENSP00000386187	9606.ENSP00000228928	0	0	0	0	0.253	0	0.900	0.570	0.965
IFITM1	OASL	9606.ENSP00000386187	9606.ENSP00000257570	0	0	0	0	0.329	0	0.900	0.625	0.972
IFITM1	UBE2L6	9606.ENSP00000386187	9606.ENSP00000287156	0	0	0	0	0.342	0	0	0.304	0.523
IFITM1	ISG20	9606.ENSP00000386187	9606.ENSP00000306565	0	0	0	0	0.314	0	0.900	0.611	0.971
IFITM1	SAMD9L	9606.ENSP00000386187	9606.ENSP00000326247	0	0	0	0	0.158	0	0	0.332	0.414
IFITM1	MX2	9606.ENSP00000386187	9606.ENSP00000333657	0	0	0	0	0.345	0	0.900	0.593	0.971
IFITM1	OAS2	9606.ENSP00000386187	9606.ENSP00000342278	0	0	0	0	0.525	0	0.900	0.647	0.981
IFITM1	PLSCR1	9606.ENSP00000386187	9606.ENSP00000345494	0	0	0	0	0.180	0	0	0.407	0.493
IFITM1	STAT1	9606.ENSP00000386187	9606.ENSP00000354394	0	0	0	0	0.258	0	0.900	0.686	0.974
IFITM1	XAF1	9606.ENSP00000386187	9606.ENSP00000354822	0	0	0	0	0.325	0	0.900	0.330	0.950
IFITM1	ISG15	9606.ENSP00000386187	9606.ENSP00000368699	0	0	0	0	0.686	0	0.900	0.687	0.989
IFITM1	RSAD2	9606.ENSP00000386187	9606.ENSP00000371471	0	0	0	0	0.217	0	0.900	0.679	0.972
IFITM1	IRF7	9606.ENSP00000386187	9606.ENSP00000380697	0	0	0	0	0.331	0	0.900	0.643	0.974
IFITM1	MX1	9606.ENSP00000386187	9606.ENSP00000381601	0	0	0	0	0.746	0	0.900	0.732	0.992
IFITM1	IFITM3	9606.ENSP00000386187	9606.ENSP00000382707	0	0	0	0.964	0.740	0	0.900	0.804	0.973
IFITM1	OAS1	9606.ENSP00000386187	9606.ENSP00000388001	0	0	0	0	0.319	0	0.900	0.662	0.975
IFITM1	IFITM2	9606.ENSP00000386187	9606.ENSP00000484689	0	0	0	0.962	0.832	0	0.900	0.801	0.983
IFITM2	OAS3	9606.ENSP00000484689	9606.ENSP00000228928	0	0	0	0	0.088	0	0.900	0.361	0.936
IFITM2	OASL	9606.ENSP00000484689	9606.ENSP00000257570	0	0	0	0	0.093	0	0.900	0.345	0.935
IFITM2	UBE2L6	9606.ENSP00000484689	9606.ENSP00000287156	0	0	0	0	0.184	0	0	0.326	0.427
IFITM2	ISG20	9606.ENSP00000484689	9606.ENSP00000306565	0	0	0	0	0.121	0	0.900	0.469	0.949
IFITM2	MX2	9606.ENSP00000484689	9606.ENSP00000333657	0	0	0	0	0.138	0	0.900	0.504	0.953
IFITM2	OAS2	9606.ENSP00000484689	9606.ENSP00000342278	0	0	0	0	0.097	0	0.900	0.392	0.940
IFITM2	STAT1	9606.ENSP00000484689	9606.ENSP00000354394	0	0	0	0	0.110	0	0.900	0.405	0.942
IFITM2	XAF1	9606.ENSP00000484689	9606.ENSP00000354822	0	0	0	0	0.099	0	0.900	0.049	0.906
IFITM2	ISG15	9606.ENSP00000484689	9606.ENSP00000368699	0	0	0	0	0.261	0	0.900	0.539	0.963
IFITM2	RSAD2	9606.ENSP00000484689	9606.ENSP00000371471	0	0	0	0	0.084	0	0.900	0.558	0.956
IFITM2	IRF7	9606.ENSP00000484689	9606.ENSP00000380697	0	0	0	0	0.140	0	0.900	0.465	0.950
IFITM2	MX1	9606.ENSP00000484689	9606.ENSP00000381601	0	0	0	0	0.235	0	0.900	0.578	0.964
IFITM2	IFITM3	9606.ENSP00000484689	9606.ENSP00000382707	0	0	0	0.981	0.892	0	0.900	0.837	0.988
IFITM2	OAS1	9606.ENSP00000484689	9606.ENSP00000388001	0	0	0	0	0.109	0	0.900	0.503	0.951
IFITM3	OAS3	9606.ENSP00000382707	9606.ENSP00000228928	0	0	0	0	0.177	0	0.900	0.534	0.958
IFITM3	OASL	9606.ENSP00000382707	9606.ENSP00000257570	0	0	0	0	0.134	0	0.900	0.591	0.961
IFITM3	ISG20	9606.ENSP00000382707	9606.ENSP00000306565	0	0	0	0	0.096	0	0.900	0.610	0.961
IFITM3	MX2	9606.ENSP00000382707	9606.ENSP00000333657	0	0	0	0	0.136	0	0.900	0.592	0.961
IFITM3	OAS2	9606.ENSP00000382707	9606.ENSP00000342278	0	0	0	0	0.120	0	0.900	0.535	0.955
IFITM3	STAT1	9606.ENSP00000382707	9606.ENSP00000354394	0	0	0	0	0.162	0	0.900	0.528	0.957
IFITM3	XAF1	9606.ENSP00000382707	9606.ENSP00000354822	0	0	0	0	0.148	0	0.900	0.260	0.931
IFITM3	ISG15	9606.ENSP00000382707	9606.ENSP00000368699	0	0	0	0	0.386	0	0.900	0.676	0.978
IFITM3	RSAD2	9606.ENSP00000382707	9606.ENSP00000371471	0	0	0	0	0.164	0	0.900	0.722	0.974
IFITM3	IRF7	9606.ENSP00000382707	9606.ENSP00000380697	0	0	0	0	0.158	0	0.900	0.643	0.967
IFITM3	MX1	9606.ENSP00000382707	9606.ENSP00000381601	0	0	0	0	0.299	0	0.900	0.716	0.978
IFITM3	OAS1	9606.ENSP00000382707	9606.ENSP00000388001	0	0	0	0	0.151	0	0.900	0.612	0.964
IRF7	OAS3	9606.ENSP00000380697	9606.ENSP00000228928	0	0	0	0	0.634	0	0.900	0.635	0.985
IRF7	TNFSF10	9606.ENSP00000380697	9606.ENSP00000241261	0	0	0	0	0.140	0	0	0.392	0.454
IRF7	OASL	9606.ENSP00000380697	9606.ENSP00000257570	0	0	0	0	0.825	0	0.900	0.714	0.994
IRF7	UBE2L6	9606.ENSP00000380697	9606.ENSP00000287156	0	0	0	0	0.501	0	0	0.334	0.653
IRF7	ISG20	9606.ENSP00000380697	9606.ENSP00000306565	0	0	0	0	0.312	0	0.900	0.675	0.975
IRF7	SAMD9L	9606.ENSP00000380697	9606.ENSP00000326247	0	0	0	0	0.400	0	0	0.188	0.492
IRF7	SOCS1	9606.ENSP00000380697	9606.ENSP00000329418	0	0	0	0	0.123	0.270	0	0.567	0.699
IRF7	MX2	9606.ENSP00000380697	9606.ENSP00000333657	0	0	0	0	0.676	0	0.900	0.748	0.991
IRF7	OAS2	9606.ENSP00000380697	9606.ENSP00000342278	0	0	0	0	0.735	0	0.900	0.699	0.991
IRF7	PLSCR1	9606.ENSP00000380697	9606.ENSP00000345494	0	0	0	0	0.182	0	0	0.393	0.482
IRF7	STAT1	9606.ENSP00000380697	9606.ENSP00000354394	0	0	0	0	0.653	0	0.900	0.867	0.995
IRF7	XAF1	9606.ENSP00000380697	9606.ENSP00000354822	0	0	0	0	0.669	0	0.900	0.416	0.979
IRF7	TNFSF13B	9606.ENSP00000380697	9606.ENSP00000365048	0	0	0	0	0.104	0	0	0.391	0.431
IRF7	ISG15	9606.ENSP00000380697	9606.ENSP00000368699	0	0	0	0	0.788	0	0.900	0.844	0.996
IRF7	RSAD2	9606.ENSP00000380697	9606.ENSP00000371471	0	0	0	0	0.789	0.182	0.900	0.836	0.996
IRF7	RNF213	9606.ENSP00000380697	9606.ENSP00000464087	0	0	0	0	0.322	0	0	0.294	0.501
IRF7	PARP14	9606.ENSP00000380697	9606.ENSP00000418194	0	0	0	0	0.482	0	0	0.410	0.681
IRF7	OAS1	9606.ENSP00000380697	9606.ENSP00000388001	0	0	0	0	0.688	0	0.900	0.710	0.990
IRF7	MX1	9606.ENSP00000380697	9606.ENSP00000381601	0	0	0	0	0.815	0	0.900	0.824	0.996
ISG15	LAP3	9606.ENSP00000368699	9606.ENSP00000226299	0	0	0	0	0.325	0.153	0	0.042	0.405
ISG15	OAS3	9606.ENSP00000368699	9606.ENSP00000228928	0	0	0	0	0.828	0	0.900	0.715	0.994
ISG15	OASL	9606.ENSP00000368699	9606.ENSP00000257570	0	0	0	0	0.833	0	0.900	0.718	0.994
ISG15	UBE2L6	9606.ENSP00000368699	9606.ENSP00000287156	0	0	0	0	0.611	0.182	0.800	0.812	0.986
ISG15	ISG20	9606.ENSP00000368699	9606.ENSP00000306565	0	0	0	0	0.567	0	0.900	0.718	0.986
ISG15	SAMD9L	9606.ENSP00000368699	9606.ENSP00000326247	0	0	0	0	0.576	0	0	0.296	0.689
ISG15	SOCS1	9606.ENSP00000368699	9606.ENSP00000329418	0	0	0	0	0.097	0	0	0.506	0.535
ISG15	MX2	9606.ENSP00000368699	9606.ENSP00000333657	0	0	0	0	0.663	0.149	0.600	0.806	0.974
ISG15	SIGLEC1	9606.ENSP00000368699	9606.ENSP00000341141	0	0	0	0	0.113	0	0	0.455	0.496
ISG15	OAS2	9606.ENSP00000368699	9606.ENSP00000342278	0	0	0	0	0.785	0	0.900	0.759	0.994
ISG15	PLSCR1	9606.ENSP00000368699	9606.ENSP00000345494	0	0	0	0	0.311	0	0	0.492	0.635
ISG15	STAT1	9606.ENSP00000368699	9606.ENSP00000354394	0	0	0	0	0.783	0.070	0.600	0.840	0.985
ISG15	XAF1	9606.ENSP00000368699	9606.ENSP00000354822	0	0	0	0	0.774	0	0.900	0.468	0.986
ISG15	SAMD9	9606.ENSP00000368699	9606.ENSP00000369292	0	0	0	0	0.286	0	0	0.471	0.607
ISG15	RNF213	9606.ENSP00000368699	9606.ENSP00000464087	0	0	0	0	0.641	0	0	0.229	0.712
ISG15	PARP14	9606.ENSP00000368699	9606.ENSP00000418194	0	0	0	0	0.645	0	0	0.373	0.768
ISG15	MX1	9606.ENSP00000368699	9606.ENSP00000381601	0	0	0	0	0.882	0.149	0.600	0.880	0.994
ISG15	OAS1	9606.ENSP00000368699	9606.ENSP00000388001	0	0	0	0	0.891	0	0.900	0.804	0.997
ISG15	RSAD2	9606.ENSP00000368699	9606.ENSP00000371471	0	0	0	0	0.825	0	0.900	0.883	0.997
ISG20	OAS3	9606.ENSP00000306565	9606.ENSP00000228928	0	0	0	0	0.159	0	0.900	0.626	0.965
ISG20	TNFSF10	9606.ENSP00000306565	9606.ENSP00000241261	0	0	0	0	0.088	0	0	0.394	0.424
ISG20	OASL	9606.ENSP00000306565	9606.ENSP00000257570	0	0	0	0	0.541	0	0.900	0.641	0.982
ISG20	SAMD9L	9606.ENSP00000306565	9606.ENSP00000326247	0	0	0	0	0.180	0	0	0.374	0.465
ISG20	SAMD9	9606.ENSP00000306565	9606.ENSP00000369292	0	0	0	0	0.144	0	0	0.447	0.506
ISG20	XAF1	9606.ENSP00000306565	9606.ENSP00000354822	0	0	0	0	0.161	0	0.900	0.324	0.938
ISG20	STAT1	9606.ENSP00000306565	9606.ENSP00000354394	0	0	0	0	0.191	0	0.900	0.574	0.962
ISG20	OAS2	9606.ENSP00000306565	9606.ENSP00000342278	0	0	0	0	0.220	0	0.900	0.655	0.970
ISG20	RSAD2	9606.ENSP00000306565	9606.ENSP00000371471	0	0	0	0	0.245	0	0.900	0.670	0.972
ISG20	MX2	9606.ENSP00000306565	9606.ENSP00000333657	0	0	0	0	0.241	0	0.900	0.678	0.973
ISG20	OAS1	9606.ENSP00000306565	9606.ENSP00000388001	0	0	0	0	0.229	0	0.900	0.681	0.973
ISG20	MX1	9606.ENSP00000306565	9606.ENSP00000381601	0	0	0	0	0.327	0	0.900	0.698	0.977
LAP3	PLSCR1	9606.ENSP00000226299	9606.ENSP00000345494	0	0	0	0	0.533	0	0	0	0.533
LAP3	STAT1	9606.ENSP00000226299	9606.ENSP00000354394	0	0	0	0	0.739	0	0	0.066	0.745
MS4A6A	SIGLEC1	9606.ENSP00000392770	9606.ENSP00000341141	0	0	0	0	0.336	0	0	0.143	0.406
MT-ATP8	MT-ND4L	9606.ENSP00000355265	9606.ENSP00000354728	0	0	0	0	0.780	0	0	0.916	0.980
MX1	OAS3	9606.ENSP00000381601	9606.ENSP00000228928	0	0	0	0	0.793	0	0.900	0.732	0.993
MX1	TNFSF10	9606.ENSP00000381601	9606.ENSP00000241261	0	0	0	0	0.204	0	0	0.414	0.513
MX1	OASL	9606.ENSP00000381601	9606.ENSP00000257570	0	0	0	0	0.962	0.149	0.900	0.794	0.999
MX1	UBE2L6	9606.ENSP00000381601	9606.ENSP00000287156	0	0	0	0	0.598	0.057	0.900	0.465	0.977
MX1	SAMD9L	9606.ENSP00000381601	9606.ENSP00000326247	0	0	0	0	0.704	0	0	0.387	0.811
MX1	SOCS1	9606.ENSP00000381601	9606.ENSP00000329418	0	0	0	0	0.064	0	0	0.512	0.523
MX1	MX2	9606.ENSP00000381601	9606.ENSP00000333657	0	0	0	0.961	0.784	0	0.800	0.903	0.956
MX1	SIGLEC1	9606.ENSP00000381601	9606.ENSP00000341141	0	0	0	0	0.133	0	0	0.406	0.463
MX1	OAS2	9606.ENSP00000381601	9606.ENSP00000342278	0	0	0	0	0.787	0	0.900	0.796	0.995
MX1	PLSCR1	9606.ENSP00000381601	9606.ENSP00000345494	0	0	0	0	0.318	0	0	0.525	0.662
MX1	STAT1	9606.ENSP00000381601	9606.ENSP00000354394	0	0	0	0	0.791	0	0.500	0.811	0.978
MX1	XAF1	9606.ENSP00000381601	9606.ENSP00000354822	0	0	0	0	0.795	0	0.900	0.517	0.989
MX1	TNFSF13B	9606.ENSP00000381601	9606.ENSP00000365048	0	0	0	0	0.145	0	0	0.381	0.448
MX1	SAMD9	9606.ENSP00000381601	9606.ENSP00000369292	0	0	0	0	0.402	0	0	0.414	0.635
MX1	RSAD2	9606.ENSP00000381601	9606.ENSP00000371471	0	0	0	0	0.871	0	0.900	0.831	0.997
MX1	PARP14	9606.ENSP00000381601	9606.ENSP00000418194	0.042	0	0	0	0.507	0	0	0.274	0.627
MX1	RNF213	9606.ENSP00000381601	9606.ENSP00000464087	0	0	0	0	0.582	0	0	0.182	0.644
MX1	OAS1	9606.ENSP00000381601	9606.ENSP00000388001	0	0	0	0	0.879	0	0.900	0.857	0.998
MX2	OAS3	9606.ENSP00000333657	9606.ENSP00000228928	0	0	0	0	0.674	0	0.900	0.673	0.988
MX2	OASL	9606.ENSP00000333657	9606.ENSP00000257570	0	0	0	0	0.919	0.149	0.900	0.730	0.997
MX2	UBE2L6	9606.ENSP00000333657	9606.ENSP00000287156	0	0	0	0	0.248	0.057	0.900	0.304	0.944
MX2	SAMD9L	9606.ENSP00000333657	9606.ENSP00000326247	0	0	0	0	0.707	0	0	0.338	0.797
MX2	PLSCR1	9606.ENSP00000333657	9606.ENSP00000345494	0	0	0	0	0.189	0	0	0.349	0.450
MX2	PARP14	9606.ENSP00000333657	9606.ENSP00000418194	0.042	0	0	0	0.322	0	0	0.305	0.509
MX2	SAMD9	9606.ENSP00000333657	9606.ENSP00000369292	0	0	0	0	0.368	0	0	0.492	0.665
MX2	RNF213	9606.ENSP00000333657	9606.ENSP00000464087	0	0	0	0	0.588	0	0	0.231	0.670
MX2	STAT1	9606.ENSP00000333657	9606.ENSP00000354394	0	0	0	0	0.380	0	0.500	0.663	0.886
MX2	XAF1	9606.ENSP00000333657	9606.ENSP00000354822	0	0	0	0	0.651	0	0.900	0.384	0.976
MX2	OAS1	9606.ENSP00000333657	9606.ENSP00000388001	0	0	0	0	0.712	0	0.900	0.710	0.990
MX2	OAS2	9606.ENSP00000333657	9606.ENSP00000342278	0	0	0	0	0.745	0	0.900	0.739	0.992
MX2	RSAD2	9606.ENSP00000333657	9606.ENSP00000371471	0	0	0	0	0.739	0	0.900	0.770	0.993
OAS1	OAS3	9606.ENSP00000388001	9606.ENSP00000228928	0	0	0	0.933	0.811	0	0.800	0.900	0.963
OAS1	TNFSF10	9606.ENSP00000388001	9606.ENSP00000241261	0	0	0	0	0.253	0	0	0.372	0.510
OAS1	OASL	9606.ENSP00000388001	9606.ENSP00000257570	0	0	0	0.842	0.785	0	0	0.764	0.810
OAS1	UBE2L6	9606.ENSP00000388001	9606.ENSP00000287156	0	0	0	0	0.681	0	0	0.393	0.798
OAS1	SAMD9L	9606.ENSP00000388001	9606.ENSP00000326247	0	0	0	0	0.634	0	0	0.371	0.760
OAS1	SOCS1	9606.ENSP00000388001	9606.ENSP00000329418	0	0	0	0	0	0	0	0.459	0.459
OAS1	OAS2	9606.ENSP00000388001	9606.ENSP00000342278	0	0	0	0.929	0.792	0	0.800	0.900	0.959
OAS1	PLSCR1	9606.ENSP00000388001	9606.ENSP00000345494	0	0	0	0	0.550	0	0	0.506	0.768
OAS1	STAT1	9606.ENSP00000388001	9606.ENSP00000354394	0	0	0	0	0.680	0	0.900	0.690	0.989
OAS1	XAF1	9606.ENSP00000388001	9606.ENSP00000354822	0	0	0	0	0.732	0	0.900	0.469	0.984
OAS1	TNFSF13B	9606.ENSP00000388001	9606.ENSP00000365048	0	0	0	0	0.092	0	0	0.408	0.439
OAS1	SAMD9	9606.ENSP00000388001	9606.ENSP00000369292	0	0	0	0	0.350	0	0	0.432	0.615
OAS1	RSAD2	9606.ENSP00000388001	9606.ENSP00000371471	0	0	0	0	0.795	0	0.900	0.710	0.993
OAS1	PARP14	9606.ENSP00000388001	9606.ENSP00000418194	0	0	0	0	0.177	0	0	0.313	0.411
OAS2	OAS3	9606.ENSP00000342278	9606.ENSP00000228928	0	0	0	0.913	0.780	0	0.800	0.950	0.957
OAS2	TNFSF10	9606.ENSP00000342278	9606.ENSP00000241261	0	0	0	0	0.259	0	0	0.324	0.477
OAS2	OASL	9606.ENSP00000342278	9606.ENSP00000257570	0	0	0	0.775	0.785	0	0	0.776	0.822
OAS2	UBE2L6	9606.ENSP00000342278	9606.ENSP00000287156	0	0	0	0	0.612	0	0	0.406	0.759
OAS2	SAMD9L	9606.ENSP00000342278	9606.ENSP00000326247	0	0	0	0	0.782	0	0	0.318	0.845
OAS2	PLSCR1	9606.ENSP00000342278	9606.ENSP00000345494	0	0	0	0	0.312	0	0	0.459	0.611
OAS2	PARP14	9606.ENSP00000342278	9606.ENSP00000418194	0	0	0	0	0.247	0.331	0	0.324	0.630
OAS2	SAMD9	9606.ENSP00000342278	9606.ENSP00000369292	0	0	0	0	0.566	0	0	0.347	0.705
OAS2	XAF1	9606.ENSP00000342278	9606.ENSP00000354822	0	0	0	0	0.783	0	0.900	0.470	0.987
OAS2	STAT1	9606.ENSP00000342278	9606.ENSP00000354394	0	0	0	0	0.684	0	0.900	0.653	0.988
OAS2	RSAD2	9606.ENSP00000342278	9606.ENSP00000371471	0	0	0	0	0.788	0.335	0.900	0.700	0.995
OAS3	RNF213	9606.ENSP00000228928	9606.ENSP00000464087	0	0	0	0	0.225	0	0	0.305	0.438
OAS3	SAMD9	9606.ENSP00000228928	9606.ENSP00000369292	0	0	0	0	0.302	0	0	0.352	0.529
OAS3	PARP14	9606.ENSP00000228928	9606.ENSP00000418194	0	0	0	0	0.210	0.331	0	0.314	0.606
OAS3	UBE2L6	9606.ENSP00000228928	9606.ENSP00000287156	0	0	0	0	0.546	0	0	0.417	0.724
OAS3	PLSCR1	9606.ENSP00000228928	9606.ENSP00000345494	0	0	0	0	0.524	0	0	0.456	0.729
OAS3	SAMD9L	9606.ENSP00000228928	9606.ENSP00000326247	0	0	0	0	0.659	0	0	0.266	0.739
OAS3	OASL	9606.ENSP00000228928	9606.ENSP00000257570	0	0	0	0.817	0.790	0	0	0.774	0.819
OAS3	XAF1	9606.ENSP00000228928	9606.ENSP00000354822	0	0	0	0	0.746	0	0.900	0.459	0.985
OAS3	STAT1	9606.ENSP00000228928	9606.ENSP00000354394	0	0	0	0	0.673	0	0.900	0.676	0.988
OAS3	RSAD2	9606.ENSP00000228928	9606.ENSP00000371471	0	0	0	0	0.786	0.335	0.900	0.635	0.994
OASL	TNFSF10	9606.ENSP00000257570	9606.ENSP00000241261	0	0	0	0	0.160	0	0	0.323	0.407
OASL	PARP14	9606.ENSP00000257570	9606.ENSP00000418194	0	0	0	0	0.287	0	0	0.241	0.437
OASL	PLSCR1	9606.ENSP00000257570	9606.ENSP00000345494	0	0	0	0	0.182	0	0	0.460	0.539
OASL	SAMD9	9606.ENSP00000257570	9606.ENSP00000369292	0	0	0	0	0.387	0	0	0.297	0.551
OASL	UBE2L6	9606.ENSP00000257570	9606.ENSP00000287156	0	0	0	0	0.336	0.182	0	0.322	0.600
OASL	SAMD9L	9606.ENSP00000257570	9606.ENSP00000326247	0	0	0	0	0.596	0	0	0.210	0.668
OASL	STAT1	9606.ENSP00000257570	9606.ENSP00000354394	0	0	0	0	0.393	0.070	0.900	0.577	0.972
OASL	XAF1	9606.ENSP00000257570	9606.ENSP00000354822	0	0	0	0	0.751	0	0.900	0.458	0.985
OASL	RSAD2	9606.ENSP00000257570	9606.ENSP00000371471	0	0	0	0	0.801	0	0.900	0.715	0.993
PARP14	SAMD9L	9606.ENSP00000418194	9606.ENSP00000326247	0	0	0	0	0.352	0	0	0.454	0.632
PARP14	STAT1	9606.ENSP00000418194	9606.ENSP00000354394	0	0	0	0	0.667	0.056	0	0.307	0.763
PARP14	XAF1	9606.ENSP00000418194	9606.ENSP00000354822	0	0	0	0	0.164	0	0	0.324	0.410
PARP14	SAMD9	9606.ENSP00000418194	9606.ENSP00000369292	0	0	0	0	0.332	0	0	0.343	0.543
PARP14	RSAD2	9606.ENSP00000418194	9606.ENSP00000371471	0	0	0	0	0.601	0.400	0	0.249	0.805
PARP14	RNF213	9606.ENSP00000418194	9606.ENSP00000464087	0	0	0	0	0.842	0	0	0.210	0.870
PLSCR1	UBE2L6	9606.ENSP00000345494	9606.ENSP00000287156	0	0	0	0	0.206	0	0	0.324	0.440
PLSCR1	XAF1	9606.ENSP00000345494	9606.ENSP00000354822	0	0	0	0	0.182	0	0	0.399	0.487
PLSCR1	STAT1	9606.ENSP00000345494	9606.ENSP00000354394	0	0	0	0	0.321	0	0	0.392	0.569
PLSCR1	RSAD2	9606.ENSP00000345494	9606.ENSP00000371471	0	0	0	0	0.522	0	0	0.526	0.763
RNF213	STAT1	9606.ENSP00000464087	9606.ENSP00000354394	0	0	0	0	0.326	0	0	0.183	0.427
RNF213	XAF1	9606.ENSP00000464087	9606.ENSP00000354822	0	0	0	0	0.213	0	0	0.375	0.488
RNF213	RSAD2	9606.ENSP00000464087	9606.ENSP00000371471	0	0	0	0	0.671	0	0	0.255	0.744
RSAD2	TNFSF10	9606.ENSP00000371471	9606.ENSP00000241261	0	0	0	0	0.301	0	0	0.326	0.509
RSAD2	UBE2L6	9606.ENSP00000371471	9606.ENSP00000287156	0	0	0	0	0.353	0	0	0.369	0.574
RSAD2	SAMD9L	9606.ENSP00000371471	9606.ENSP00000326247	0	0	0	0	0.744	0	0	0.430	0.848
RSAD2	SIGLEC1	9606.ENSP00000371471	9606.ENSP00000341141	0	0	0	0	0.160	0	0	0.504	0.565
RSAD2	STAT1	9606.ENSP00000371471	9606.ENSP00000354394	0	0	0	0	0.675	0	0.900	0.690	0.989
RSAD2	XAF1	9606.ENSP00000371471	9606.ENSP00000354822	0	0	0	0	0.800	0	0.900	0.517	0.989
RSAD2	SAMD9	9606.ENSP00000371471	9606.ENSP00000369292	0	0	0	0	0.579	0	0	0.466	0.766
SAMD9	SAMD9L	9606.ENSP00000369292	9606.ENSP00000326247	0	0	0	0.960	0.793	0	0	0.932	0.800
SAMD9	STAT1	9606.ENSP00000369292	9606.ENSP00000354394	0	0	0	0	0.369	0	0	0.268	0.518
SAMD9	XAF1	9606.ENSP00000369292	9606.ENSP00000354822	0	0	0	0	0.318	0	0	0.214	0.441
SAMD9L	TNFSF10	9606.ENSP00000326247	9606.ENSP00000241261	0	0	0	0	0.533	0	0	0.124	0.573
SAMD9L	UBE2L6	9606.ENSP00000326247	9606.ENSP00000287156	0	0	0	0	0.330	0	0	0.426	0.599
SAMD9L	STAT1	9606.ENSP00000326247	9606.ENSP00000354394	0	0	0	0	0.782	0	0	0.257	0.831
SAMD9L	XAF1	9606.ENSP00000326247	9606.ENSP00000354822	0	0	0	0	0.799	0	0	0.303	0.853
SOCS1	STAT1	9606.ENSP00000329418	9606.ENSP00000354394	0	0	0	0	0.065	0.161	0.600	0.836	0.941
STAT1	TNFSF10	9606.ENSP00000354394	9606.ENSP00000241261	0	0	0	0	0.229	0	0	0.460	0.566
STAT1	UBE2L6	9606.ENSP00000354394	9606.ENSP00000287156	0	0	0	0	0.732	0	0.900	0.414	0.982
STAT1	TNFSF13B	9606.ENSP00000354394	9606.ENSP00000365048	0	0	0	0	0.107	0.270	0	0.426	0.593
STAT1	XAF1	9606.ENSP00000354394	9606.ENSP00000354822	0	0	0	0	0.681	0	0.900	0.402	0.979
TNFSF10	TNFSF13	9606.ENSP00000241261	9606.ENSP00000343505	0	0	0	0	0.092	0	0	0.368	0.402
TNFSF10	TNFSF13B	9606.ENSP00000241261	9606.ENSP00000365048	0	0	0	0	0.140	0	0	0.390	0.452
TNFSF10	XAF1	9606.ENSP00000241261	9606.ENSP00000354822	0	0	0	0	0.318	0	0	0.476	0.628
TNFSF13	TNFSF13B	9606.ENSP00000343505	9606.ENSP00000365048	0	0	0	0.726	0.100	0.270	0.600	0.726	0.770
UBE2L6	XAF1	9606.ENSP00000287156	9606.ENSP00000354822	0	0	0	0	0.333	0	0	0.240	0.472
